1,田中 花子,1
2,山田 太郎,2
3,鈴木 一郎,1
4,佐藤 由美,1
5,小林 健太,2
6,渡辺 美咲,3
7,中村 健司,1
8,木村 美香,2
9,高橋 啓介,3
10,吉田 さくら,1
11,田村 裕太,2
12,岡田 佳子,3
13,松本 明日香,1
14,伊藤 勇太,2
15,大西 みさ,3
16,古川 健太郎,1
17,小山 美沙,2
18,野口 裕太,3
19,橋本 美和,1
20,三浦 健太,2
21,井上 あや,3
22,斉藤 太一,1
23,北村 さやか,2
24,西田 和彦,3
25,山口 まり,1
26,吉岡 修,2
27,佐々木 みさき,2
28,岩崎 大輔,1
29,村上 亜美,1
30,高田 勇也,3
31,小川 かおり,1
32,宮崎 隆,2
33,田辺 さゆり,3
34,森田 裕太,1
35,佐野 まりな,2
36,神田 健一,3
37,沢田 みゆき,1
38,杉山 勇輝,1
39,岡本 みさと,3
40,服部 剛,1
41,岸田 あさみ,2
42,中田 裕介,3
43,松岡 さや,1
44,高野 大輔,2
45,福田 美穂,3
46,清水 賢太,1
47,石井 美紀,2
48,宮本 啓太,2
49,安田 さやか,1
50,新井 健太,1
51,若林 大輝,3